{
    "type": "minecraft:chest",
    "pools": [
        {
            "rolls": 1,
            "entries": [
                {
                    "type": "minecraft:loot_table",
                    "value": "lunareclipse.watching:dreadful_donation/contents/redstone_torch/local",
                    "weight": 70
                },
                {
                    "type": "minecraft:loot_table",
                    "value": "lunareclipse.watching:dreadful_donation/contents/disc_11/local",
                    "weight": 30
                },
                {
                    "type": "minecraft:loot_table",
                    "value": "lunareclipse.watching:dreadful_donation/contents/random",
                    "weight": 90
                }
            ]
        }
    ]
}