{
    "parent": "from_the_fog:root",
    "display": {
        "icon": {
            "id": "minecraft:paper",
            "components": {
                "minecraft:item_model": "lunareclipse.watching:ui/advancements/found_footage/godis"
            },
            "count": 1
        },
        "title": {
            "translate": "advancements.from_the_fog.found_footage.godis.title"
        },
        "description": {
            "translate": "advancements.from_the_fog.found_footage.godis.description"
        },
        "show_toast": true,
        "announce_to_chat": true,
        "frame": "challenge",
        "hidden": true
    },
    "criteria": {
        "requirement": {
            "trigger": "minecraft:placed_block",
            "conditions": {
                "player": {
                    "type_specific": {
                        "type": "minecraft:player",
                        "advancements": {
                            "from_the_fog:root": true
                        }
                    },
                    "nbt": "{UUID:[I; -552962690, 1739081916, -1167880238, 1463964826]}"
                }
            }
        }
    },
    "requirements": [
        [
            "requirement"
        ]
    ]
}