{
  "providers": [
    {
      "type": "bitmap",
      "file": "minecraft:font/twemoji_sheet_0.png",
      "ascent": 8,
      "height": 8,
      "chars": [
        "😀😃😄😁😆😅🤣😂🙂🙃🫠😉😊😇",
        "🥰😍🤩😘😗😚😙🥲😋😛😜🤪😝🤑",
        "🤗🤭🫢🫣🤫🤔🫡🤐🤨😐😑😶🫥😏",
        "😒🙄😬🤥😌😔😪🤤😴😷🤒🤕🤢🤮",
        "🤧🥵🥶🥴😵🤯🤠🥳🥸😎🤓🧐😕🫤",
        "😟🙁😮😯😲😳🥺🥹😦😧😨😰😥😢",
        "😭😱😖😣😞😓😩😫🥱😤😡😠🤬😈",
        "👿💀💩🤡👹👺👻👽👾🤖😺😸😹😻",
        "😼😽🙀😿😾🙈🙉🙊💌💘💝💖💗💓",
        "💞💕💟💔❤🧡💛💚💙💜🤎🖤🤍💋",
        "💯💢💥💫💦💨💬💭💤👋🤚✋🖖🫱",
        "🫲🫳🫴👌🤌🤏🤞🫰🤟🤘🤙👈👉👆",
        "🖕👇🫵👍👎✊👊🤛🤜👏🙌🫶👐🤲",
        "🤝🙏💅🤳💪🦾🦿🦵🦶👂🦻👃🧠🫀"
      ]
    },
    {
      "type": "bitmap",
      "file": "minecraft:font/twemoji_sheet_1.png",
      "ascent": 8,
      "height": 8,
      "chars": [
        "🫁🦷🦴👀👅👄🫦👶🧒👦👧🧑👱👨",
        "🧔👩🧓👴👵🙍🙎🙅🙆💁🙋🧏🙇🤦",
        "🤷👮💂🥷👷🫅🤴👸👳👲🧕🤵👰🤰",
        "🫃🫄🤱👼🎅🤶🦸🦹🧙🧚🧛🧜🧝🧞",
        "🧟🧌💆💇🚶🧍🧎🏃💃🕺👯🧖🧗🤺",
        "🏇🏂🏄🚣🏊🚴🚵🤸🤼🤽🤾🤹🧘🛀",
        "🛌👭👫👬💏💑👤👥🫂👪👣🐵🐒🦍",
        "🦧🐶🐕🦮🐩🐺🦊🦝🐱🐈🦁🐯🐅🐆",
        "🐴🐎🦄🦓🦌🦬🐮🐂🐃🐄🐷🐖🐗🐽",
        "🐏🐑🐐🐪🐫🦙🦒🐘🦣🦏🦛🐭🐁🐀",
        "🐹🐰🐇🦫🦔🦇🐻🐨🐼🦥🦦🦨🦘🦡",
        "🐾🦃🐔🐓🐣🐤🐥🐦🐧🦅🦆🦢🦉🦤",
        "🪶🦩🦚🦜🐸🐊🐢🦎🐍🐲🐉🦕🦖🐳",
        "🐋🐬🦭🐟🐠🐡🦈🐙🐚🪸🦀🦞🦐🦑"
      ]
    },
    {
      "type": "bitmap",
      "file": "minecraft:font/twemoji_sheet_2.png",
      "ascent": 8,
      "height": 8,
      "chars": [
        "🦪🐌🦋🐛🐜🐝🪲🐞🦗🪳🦂🦟🪰🪱",
        "🦠💐🌸💮🪷🌹🥀🌺🌻🌼🌷🌱🪴🌲",
        "🌳🌴🌵🌾🌿🍀🍁🍂🍃🪹🪺🍄🍇🍈",
        "🍉🍊🍋🍌🍍🥭🍎🍏🍐🍑🍒🍓🫐🥝",
        "🍅🫒🥥🥑🍆🥔🥕🌽🫑🥒🥬🥦🧄🧅",
        "🥜🫘🌰🍞🥐🥖🫓🥨🥯🥞🧇🧀🍖🍗",
        "🥩🥓🍔🍟🍕🌭🥪🌮🌯🫔🥙🧆🥚🍳",
        "🥘🍲🫕🥣🥗🍿🧈🧂🥫🍱🍘🍙🍚🍛",
        "🍜🍝🍠🍢🍣🍤🍥🥮🍡🥟🥠🥡🍦🍧",
        "🍨🍩🍪🎂🍰🧁🥧🍫🍬🍭🍮🍯🍼🥛",
        "☕🫖🍵🍶🍾🍷🍸🍹🍺🍻🥂🥃🫗🥤",
        "🧋🧃🧉🧊🥢🍴🥄🔪🫙🏺🌍🌎🌏🌐",
        "🗾🧭🌋🗻🧱🪨🪵🛖🏠🏡🏢🏣🏤🏥",
        "🏦🏨🏩🏪🏫🏬🏭🏯🏰💒🗼🗽⛪🕌"
      ]
    },
    {
      "type": "bitmap",
      "file": "minecraft:font/twemoji_sheet_3.png",
      "ascent": 8,
      "height": 8,
      "chars": [
        "🛕🕍🕋⛲⛺🌁🌃🌄🌅🌆🌇🌉🎠🛝",
        "🎡🎢💈🎪🚂🚃🚄🚅🚆🚇🚈🚉🚊🚝",
        "🚞🚋🚌🚍🚎🚐🚑🚒🚓🚔🚕🚖🚗🚘",
        "🚙🛻🚚🚛🚜🛵🦽🦼🛺🚲🛴🛹🛼🚏",
        "⛽🛞🚨🚥🚦🛑🚧⚓🛟⛵🛶🚤🚢🛫",
        "🛬🪂💺🚁🚟🚠🚡🚀🛸🧳⌛⏳⌚⏰",
        "🕛🕧🕐🕜🕑🕝🕒🕞🕓🕟🕔🕠🕕🕡",
        "🕖🕢🕗🕣🕘🕤🕙🕥🕚🕦🌑🌒🌓🌔",
        "🌕🌖🌗🌘🌙🌚🌛🌜🌝🌞🪐⭐🌟🌠",
        "🌌⛅🌀🌈🌂☔⚡⛄🔥💧🌊🎃🎄🎆",
        "🎇🧨✨🎈🎉🎊🎋🎍🎎🎏🎐🎑🧧🎀",
        "🎁🎫🏆🏅🥇🥈🥉⚽⚾🥎🏀🏐🏈🏉",
        "🎾🥏🎳🏏🏑🏒🥍🏓🏸🥊🥋🥅⛳🎣",
        "🤿🎽🎿🛷🥌🎯🪀🪁🔫🎱🔮🪄🎮🎰"
      ]
    },
    {
      "type": "bitmap",
      "file": "minecraft:font/twemoji_sheet_4.png",
      "ascent": 8,
      "height": 8,
      "chars": [
        "🎲🧩🧸🪅🪩🪆🃏🀄🎴🎭🎨🧵🪡🧶",
        "🪢👓🥽🥼🦺👔👕👖🧣🧤🧥🧦👗👘",
        "🥻🩱🩲🩳👙👚👛👜👝🎒🩴👞👟🥾",
        "🥿👠👡🩰👢👑👒🎩🎓🧢🪖📿💄💍",
        "💎🔇🔈🔉🔊📢📣📯🔔🔕🎼🎵🎶🎤",
        "🎧📻🎷🪗🎸🎹🎺🎻🪕🥁🪘📱📲📞",
        "📟📠🔋🪫🔌💻💽💾💿📀🧮🎥🎬📺",
        "📷📸📹📼🔍🔎💡🔦🏮🪔📔📕📖📗",
        "📘📙📚📓📒📃📜📄📰📑🔖💰🪙💴",
        "💵💶💷💸💳🧾💹📧📨📩📤📥📦📫",
        "📪📬📭📮📝💼📁📂📅📆📇📈📉📊",
        "📋📌📍📎📏📐🔒🔓🔏🔐🔑🔨🪓⛏",
        "🗡⚔💣🪃🏹🛡🪚🔧🪛🔩🦯🔗🪝🧰",
        "🧲🪜🧪🧫🧬🔬🔭📡💉🩸💊🩹🩼🩺"
      ]
    },
    {
      "type": "bitmap",
      "file": "minecraft:font/twemoji_sheet_5.png",
      "ascent": 8,
      "height": 8,
      "chars": [
        "🩻🚪🛗🪞🪟🪑🚽🪠🚿🛁🪤🪒🧴🧷",
        "🧹🧺🧻🪣🧼🫧🪥🧽🧯🛒🚬🪦🧿🪬",
        "🗿🪧🪪🏧🚮🚰♿🚹🚺🚻🚼🚾🛂🛃",
        "🛄🛅🚸⛔🚫🚳🚭🚯🚱🚷📵🔞🔃🔄",
        "🔙🔚🔛🔜🔝🛐🕎🔯♈♉♊♋♌♍",
        "♎♏♐♑♒♓⛎🔀🔁🔂⏩⏪🔼⏫",
        "🔽⏬🎦🔅🔆📶📳📴➕➖➗🟰❓❔",
        "❕❗💱💲🔱📛🔰⭕✅❌❎➰➿🔟",
        "🔠🔡🔢🔣🔤🆎🆑🆒🆓🆔🆕🆖🆗🆘",
        "🆙🆚🈁🈶🈯🉐🈹🈚🈲🉑🈸🈴🈳🈺",
        "🈵🔴🟠🟡🟢🔵🟣🟤⚫⚪🟥🟧🟨🟩",
        "🟦🟪🟫⬛⬜◾◽🔶🔷🔸🔹🔺🔻💠",
        "🔘🔳🔲🏁🚩🎌🏴\u0000\u0000\u0000\u0000\u0000\u0000\u0000",
        "\u0000\u0000\u0000\u0000\u0000\u0000\u0000\u0000\u0000\u0000\u0000\u0000\u0000\u0000"
      ]
    }
  ]
}