{
    "parent": "from_the_fog:found_footage/the_librarian",
    "display": {
        "icon": {
            "id": "minecraft:paper",
            "components": {
                "minecraft:item_model": "lunareclipse.watching:ui/advancements/found_footage/the_librarian/create_liberty"
            },
            "count": 1
        },
        "title": {
            "translate": "advancements.from_the_fog.found_footage.the_librarian.create_liberty.title"
        },
        "description": {
            "translate": "advancements.from_the_fog.found_footage.the_librarian.create_liberty.description"
        },
        "show_toast": true,
        "announce_to_chat": true,
        "frame": "challenge",
        "hidden": true
    },
    "criteria": {
        "requirement": {
            "trigger": "minecraft:player_interacted_with_entity",
            "conditions": {
                "player": {
                    "type_specific": {
                        "type": "minecraft:player",
                        "advancements": {
                            "from_the_fog:root": true
                        }
                    }
                },
                "item": {
                    "items": "minecraft:lantern"
                },
                "entity": {
                    "type": "minecraft:allay"
                }
            }
        }
    },
    "requirements": [
        [
            "requirement"
        ]
    ]
}